instance,status,solver_time,lb_time,lb,ub
./KPCG_instances/C3/BPPC_3_0_1.txt_0.9,feasible,0.000383412,0.000193352,92,4294967295
./KPCG_instances/C3/BPPC_8_0_10.txt_0.9,feasible,0.000452497,0.000195627,786,4294967295
./KPCG_instances/C3/BPPC_3_0_10.txt_0.9,feasible,0.000550668,0.000223848,109,4294967295
./KPCG_instances/C3/BPPC_6_0_1.txt_0.9,feasible,2.2473e-05,1.0299e-05,794,4294967295
./KPCG_instances/C3/BPPC_7_0_1.txt_0.9,feasible,0.000125316,6.9535e-05,826,4294967295
./KPCG_instances/C3/BPPC_5_0_10.txt_0.9,feasible,7.065e-06,2.8e-06,820,4294967295
./KPCG_instances/C3/BPPC_1_0_1.txt_0.9,feasible,3.0644e-05,1.4869e-05,122,4294967295
./KPCG_instances/C3/BPPC_5_0_1.txt_0.9,feasible,5.955e-06,6.76e-07,530,4294967295
./KPCG_instances/C3/BPPC_8_0_1.txt_0.9,feasible,0.000488623,0.000189723,780,4294967295
./KPCG_instances/C3/BPPC_1_0_10.txt_0.9,feasible,2.2179e-05,1.6065e-05,142,4294967295
./KPCG_instances/C3/BPPC_6_0_10.txt_0.9,feasible,1.8042e-05,6.331e-06,520,4294967295
./KPCG_instances/C3/BPPC_4_0_1.txt_0.9,feasible,0.00214675,0.000847316,104,4294967295
./KPCG_instances/C3/BPPC_2_0_10.txt_0.9,feasible,9.1062e-05,5.9591e-05,126,4294967295
./KPCG_instances/C3/BPPC_2_0_1.txt_0.9,feasible,9.2354e-05,6.2986e-05,128,4294967295
./KPCG_instances/C3/BPPC_7_0_10.txt_0.9,feasible,0.000117515,7.0869e-05,787,4294967295
./KPCG_instances/C3/BPPC_4_0_10.txt_0.9,feasible,0.0024192,0.000821781,93,4294967295
./KPCG_instances/C1/BPPC_3_0_1.txt_0.9,feasible,0.000335778,0.000195636,92,4294967295
./KPCG_instances/C1/BPPC_8_0_10.txt_0.9,feasible,0.000230217,0.000224414,786,4294967295
./KPCG_instances/C1/BPPC_3_0_10.txt_0.9,feasible,0.000401258,0.000239523,109,4294967295
./KPCG_instances/C1/BPPC_6_0_1.txt_0.9,feasible,1.4019e-05,1.151e-05,794,4294967295
./KPCG_instances/C1/BPPC_7_0_1.txt_0.9,feasible,9.5956e-05,9.3682e-05,826,4294967295
./KPCG_instances/C1/BPPC_5_0_10.txt_0.9,feasible,4.323e-06,2.893e-06,820,4294967295
./KPCG_instances/C1/BPPC_1_0_1.txt_0.9,feasible,2.0108e-05,1.5e-05,122,4294967295
./KPCG_instances/C1/BPPC_5_0_1.txt_0.9,feasible,5.746e-06,1.056e-06,530,4294967295
./KPCG_instances/C1/BPPC_8_0_1.txt_0.9,feasible,0.000206064,0.000199718,780,4294967295
./KPCG_instances/C1/BPPC_1_0_10.txt_0.9,feasible,4.6757e-05,4.343e-05,142,4294967295
./KPCG_instances/C1/BPPC_6_0_10.txt_0.9,feasible,1.8755e-05,-1.7016e-05,520,4294967295
./KPCG_instances/C1/BPPC_4_0_1.txt_0.9,feasible,0.00169392,0.000909383,104,4294967295
./KPCG_instances/C1/BPPC_2_0_10.txt_0.9,feasible,6.451e-05,6.1065e-05,126,4294967295
./KPCG_instances/C1/BPPC_2_0_1.txt_0.9,feasible,6.6598e-05,6.4109e-05,128,4294967295
./KPCG_instances/C1/BPPC_7_0_10.txt_0.9,feasible,7.6299e-05,7.3969e-05,787,4294967295
./KPCG_instances/C1/BPPC_4_0_10.txt_0.9,feasible,0.002112,0.000887941,93,4294967295
./KPCG_instances/R3/BPPC_3_0_1.txt_0.9,feasible,0.000466809,0.000391497,291,4294967295
./KPCG_instances/R3/BPPC_8_0_10.txt_0.9,feasible,0.000491815,0.000228985,282,4294967295
./KPCG_instances/R3/BPPC_3_0_10.txt_0.9,feasible,0.000597861,0.000267338,260,4294967295
./KPCG_instances/R3/BPPC_6_0_1.txt_0.9,feasible,2.6834e-05,1.3372e-05,287,4294967295
./KPCG_instances/R3/BPPC_7_0_1.txt_0.9,feasible,0.000107221,5.5196e-05,278,4294967295
./KPCG_instances/R3/BPPC_5_0_10.txt_0.9,feasible,6.016e-06,1.158e-06,184,4294967295
./KPCG_instances/R3/BPPC_1_0_1.txt_0.9,feasible,2.6756e-05,1.3959e-05,262,4294967295
./KPCG_instances/R3/BPPC_5_0_1.txt_0.9,feasible,7.255e-06,7.6e-08,185,4294967295
./KPCG_instances/R3/BPPC_8_0_1.txt_0.9,feasible,0.000421279,0.00019691,284,4294967295
./KPCG_instances/R3/BPPC_1_0_10.txt_0.9,feasible,2.4599e-05,1.8871e-05,196,4294967295
./KPCG_instances/R3/BPPC_6_0_10.txt_0.9,feasible,2.6137e-05,1.4406e-05,257,4294967295
./KPCG_instances/R3/BPPC_4_0_1.txt_0.9,feasible,0.00350628,0.0019526,298,4294967295
./KPCG_instances/R3/BPPC_2_0_10.txt_0.9,feasible,0.000127081,8.4774e-05,250,4294967295
./KPCG_instances/R3/BPPC_2_0_1.txt_0.9,feasible,0.000206437,7.813e-05,172,4294967295
./KPCG_instances/R3/BPPC_7_0_10.txt_0.9,feasible,0.000119802,8.7277e-05,262,4294967295
./KPCG_instances/R3/BPPC_4_0_10.txt_0.9,feasible,0.00190515,0.000898155,248,4294967295
./KPCG_instances/C10/BPPC_3_0_1.txt_0.9,feasible,0.000407023,0.000224849,92,4294967295
./KPCG_instances/C10/BPPC_8_0_10.txt_0.9,feasible,0.000496235,0.000234789,786,4294967295
./KPCG_instances/C10/BPPC_3_0_10.txt_0.9,feasible,0.0005527,0.000211079,109,4294967295
./KPCG_instances/C10/BPPC_6_0_1.txt_0.9,feasible,2.4907e-05,1.2904e-05,794,4294967295
./KPCG_instances/C10/BPPC_7_0_1.txt_0.9,feasible,0.00014763,9.2205e-05,826,4294967295
./KPCG_instances/C10/BPPC_5_0_10.txt_0.9,feasible,7.5e-06,2.132e-06,820,4294967295
./KPCG_instances/C10/BPPC_1_0_1.txt_0.9,feasible,3.8294e-05,1.3657e-05,122,4294967295
./KPCG_instances/C10/BPPC_5_0_1.txt_0.9,feasible,6.202e-06,-6.05e-07,530,4294967295
./KPCG_instances/C10/BPPC_8_0_1.txt_0.9,feasible,0.000505249,0.000199366,780,4294967295
./KPCG_instances/C10/BPPC_1_0_10.txt_0.9,feasible,3e-05,2.334e-05,142,4294967295
./KPCG_instances/C10/BPPC_6_0_10.txt_0.9,feasible,1.9004e-05,6.987e-06,520,4294967295
./KPCG_instances/C10/BPPC_4_0_1.txt_0.9,feasible,0.00216204,0.000840337,104,4294967295
./KPCG_instances/C10/BPPC_2_0_10.txt_0.9,feasible,9.1858e-05,5.9668e-05,126,4294967295
./KPCG_instances/C10/BPPC_2_0_1.txt_0.9,feasible,9.2047e-05,6.2663e-05,128,4294967295
./KPCG_instances/C10/BPPC_7_0_10.txt_0.9,feasible,9.4593e-05,5.0444e-05,787,4294967295
./KPCG_instances/C10/BPPC_4_0_10.txt_0.9,feasible,0.00246801,0.000902091,93,4294967295
./KPCG_instances/R10/BPPC_3_0_1.txt_0.9,feasible,0.000447134,0.000368955,291,4294967295
./KPCG_instances/R10/BPPC_8_0_10.txt_0.9,feasible,0.000471475,0.000208636,282,4294967295
./KPCG_instances/R10/BPPC_3_0_10.txt_0.9,feasible,0.000591548,0.000251037,260,4294967295
./KPCG_instances/R10/BPPC_6_0_1.txt_0.9,feasible,2.4175e-05,1.1413e-05,287,4294967295
./KPCG_instances/R10/BPPC_7_0_1.txt_0.9,feasible,0.000132065,7.9394e-05,278,4294967295
./KPCG_instances/R10/BPPC_5_0_10.txt_0.9,feasible,5.814e-06,4.1e-08,184,4294967295
./KPCG_instances/R10/BPPC_1_0_1.txt_0.9,feasible,2.5171e-05,1.1819e-05,262,4294967295
./KPCG_instances/R10/BPPC_5_0_1.txt_0.9,feasible,5.618e-06,1.153e-06,185,4294967295
./KPCG_instances/R10/BPPC_8_0_1.txt_0.9,feasible,0.000448738,0.00022183,284,4294967295
./KPCG_instances/R10/BPPC_1_0_10.txt_0.9,feasible,2.3403e-05,1.6781e-05,196,4294967295
./KPCG_instances/R10/BPPC_6_0_10.txt_0.9,feasible,2.8042e-05,-6.861e-06,257,4294967295
./KPCG_instances/R10/BPPC_4_0_1.txt_0.9,feasible,0.00348489,0.00192676,298,4294967295
./KPCG_instances/R10/BPPC_2_0_10.txt_0.9,feasible,0.000100295,5.8502e-05,250,4294967295
./KPCG_instances/R10/BPPC_2_0_1.txt_0.9,feasible,0.000202237,7.7171e-05,172,4294967295
./KPCG_instances/R10/BPPC_7_0_10.txt_0.9,feasible,0.000119428,8.7036e-05,262,4294967295
./KPCG_instances/R10/BPPC_4_0_10.txt_0.9,feasible,0.00189235,0.000875488,248,4294967295
./KPCG_instances/R1/BPPC_3_0_1.txt_0.9,feasible,0.000348795,0.000341933,291,4294967295
./KPCG_instances/R1/BPPC_8_0_10.txt_0.9,feasible,0.000253156,0.000250502,282,4294967295
./KPCG_instances/R1/BPPC_3_0_10.txt_0.9,feasible,0.000304368,0.000267187,260,4294967295
./KPCG_instances/R1/BPPC_6_0_1.txt_0.9,feasible,1.5799e-05,1.3468e-05,287,4294967295
./KPCG_instances/R1/BPPC_7_0_1.txt_0.9,feasible,8.2602e-05,8.0001e-05,278,4294967295
./KPCG_instances/R1/BPPC_5_0_10.txt_0.9,feasible,5.36e-06,9.63e-07,184,4294967295
./KPCG_instances/R1/BPPC_1_0_1.txt_0.9,feasible,1.6395e-05,1.4034e-05,262,4294967295
./KPCG_instances/R1/BPPC_5_0_1.txt_0.9,feasible,5.355e-06,9.8e-08,185,4294967295
./KPCG_instances/R1/BPPC_8_0_1.txt_0.9,feasible,0.000198968,0.000195648,284,4294967295
./KPCG_instances/R1/BPPC_1_0_10.txt_0.9,feasible,1.8816e-05,1.7143e-05,196,4294967295
./KPCG_instances/R1/BPPC_6_0_10.txt_0.9,feasible,1.8043e-05,1.6314e-05,257,4294967295
./KPCG_instances/R1/BPPC_4_0_1.txt_0.9,feasible,0.00185601,0.00154551,298,4294967295
./KPCG_instances/R1/BPPC_2_0_10.txt_0.9,feasible,6.0088e-05,5.6275e-05,250,4294967295
./KPCG_instances/R1/BPPC_2_0_1.txt_0.9,feasible,0.000137603,5.2251e-05,172,4294967295
./KPCG_instances/R1/BPPC_7_0_10.txt_0.9,feasible,8.0106e-05,7.6492e-05,262,4294967295
./KPCG_instances/R1/BPPC_4_0_10.txt_0.9,feasible,0.00149392,0.000799027,248,4294967295
./KPCG_instances/C3/BPPC_5_0_1.txt_0.1,feasible,3.038e-06,1.219e-06,2970,4294967295
./KPCG_instances/C3/BPPC_3_0_1.txt_0.1,feasible,0.000159813,0.000156317,629,4294967295
./KPCG_instances/C3/BPPC_1_0_10.txt_0.1,feasible,1.1673e-05,9.222e-06,558,4294967295
./KPCG_instances/C3/BPPC_8_0_1.txt_0.1,feasible,8.413e-05,8.049e-05,2862,4294967295
./KPCG_instances/C3/BPPC_3_0_10.txt_0.1,feasible,0.00014961,0.00014662,628,4294967295
./KPCG_instances/C3/BPPC_2_0_10.txt_0.1,feasible,4.5165e-05,4.2057e-05,591,4294967295
./KPCG_instances/C3/BPPC_4_0_1.txt_0.1,feasible,0.000650405,0.000646506,629,4294967295
./KPCG_instances/C3/BPPC_8_0_10.txt_0.1,feasible,8.5022e-05,8.2182e-05,2866,4294967295
./KPCG_instances/C3/BPPC_6_0_1.txt_0.1,feasible,6.589e-06,4.781e-06,2889,4294967295
./KPCG_instances/C3/BPPC_7_0_1.txt_0.1,feasible,2.2898e-05,2.0714e-05,2866,4294967295
./KPCG_instances/C3/BPPC_7_0_10.txt_0.1,feasible,2.2805e-05,2.0625e-05,2876,4294967295
./KPCG_instances/C3/BPPC_2_0_1.txt_0.1,feasible,4.1676e-05,3.7693e-05,582,4294967295
./KPCG_instances/C3/BPPC_4_0_10.txt_0.1,feasible,0.000636369,0.000632103,632,4294967295
./KPCG_instances/C3/BPPC_6_0_10.txt_0.1,feasible,6.425e-06,4.619e-06,2871,4294967295
./KPCG_instances/C3/BPPC_1_0_1.txt_0.1,feasible,1.099e-05,8.798e-06,591,4294967295
./KPCG_instances/C3/BPPC_5_0_10.txt_0.1,feasible,3.081e-06,1.35e-06,2985,4294967295
./KPCG_instances/C1/BPPC_5_0_1.txt_0.1,feasible,1.76e-06,-4.45e-07,785,4294967295
./KPCG_instances/C1/BPPC_3_0_1.txt_0.1,feasible,4.9415e-05,4.6471e-05,214,4294967295
./KPCG_instances/C1/BPPC_1_0_10.txt_0.1,feasible,3.867e-06,2.207e-06,214,4294967295
./KPCG_instances/C1/BPPC_8_0_1.txt_0.1,feasible,2.8626e-05,2.6317e-05,1040,4294967295
./KPCG_instances/C1/BPPC_3_0_10.txt_0.1,feasible,5.1399e-05,4.8166e-05,214,4294967295
./KPCG_instances/C1/BPPC_2_0_10.txt_0.1,feasible,1.447e-05,1.1956e-05,220,4294967295
./KPCG_instances/C1/BPPC_4_0_1.txt_0.1,feasible,0.000228062,0.00022394,210,4294967295
./KPCG_instances/C1/BPPC_8_0_10.txt_0.1,feasible,2.893e-05,2.65e-05,1040,4294967295
./KPCG_instances/C1/BPPC_6_0_1.txt_0.1,feasible,2.235e-06,5.93e-07,782,4294967295
./KPCG_instances/C1/BPPC_7_0_1.txt_0.1,feasible,8.306e-06,6.488e-06,1040,4294967295
./KPCG_instances/C1/BPPC_7_0_10.txt_0.1,feasible,8.639e-06,5.732e-06,1040,4294967295
./KPCG_instances/C1/BPPC_2_0_1.txt_0.1,feasible,1.4569e-05,1.21e-05,220,4294967295
./KPCG_instances/C1/BPPC_4_0_10.txt_0.1,feasible,0.000230879,0.00022755,210,4294967295
./KPCG_instances/C1/BPPC_6_0_10.txt_0.1,feasible,2.955e-06,2.98e-07,1040,4294967295
./KPCG_instances/C1/BPPC_1_0_1.txt_0.1,feasible,3.543e-06,1.864e-06,200,4294967295
./KPCG_instances/C1/BPPC_5_0_10.txt_0.1,feasible,1.028e-06,-5.64e-07,789,4294967295
./KPCG_instances/R3/BPPC_5_0_1.txt_0.1,feasible,2.998e-06,1.19e-07,837,4294967295
./KPCG_instances/R3/BPPC_3_0_1.txt_0.1,feasible,0.000142772,0.000139746,1521,4294967295
./KPCG_instances/R3/BPPC_1_0_10.txt_0.1,feasible,1.0489e-05,6.885e-06,1056,4294967295
./KPCG_instances/R3/BPPC_8_0_1.txt_0.1,feasible,8.4e-05,8.0406e-05,1046,4294967295
./KPCG_instances/R3/BPPC_3_0_10.txt_0.1,feasible,0.000131047,0.000125926,1396,4294967295
./KPCG_instances/R3/BPPC_2_0_10.txt_0.1,feasible,3.7364e-05,3.4724e-05,1277,4294967295
./KPCG_instances/R3/BPPC_4_0_1.txt_0.1,feasible,0.000629554,0.000624538,1565,4294967295
./KPCG_instances/R3/BPPC_8_0_10.txt_0.1,feasible,8.5013e-05,8.1236e-05,1039,4294967295
./KPCG_instances/R3/BPPC_6_0_1.txt_0.1,feasible,6.226e-06,1.565e-06,901,4294967295
./KPCG_instances/R3/BPPC_7_0_1.txt_0.1,feasible,2.4204e-05,2.0849e-05,976,4294967295
./KPCG_instances/R3/BPPC_7_0_10.txt_0.1,feasible,2.3921e-05,2.083e-05,1027,4294967295
./KPCG_instances/R3/BPPC_2_0_1.txt_0.1,feasible,2.8882e-05,2.6179e-05,1156,4294967295
./KPCG_instances/R3/BPPC_4_0_10.txt_0.1,feasible,0.000603033,0.000598379,1690,4294967295
./KPCG_instances/R3/BPPC_6_0_10.txt_0.1,feasible,6.108e-06,3.628e-06,999,4294967295
./KPCG_instances/R3/BPPC_1_0_1.txt_0.1,feasible,8.393e-06,6.358e-06,902,4294967295
./KPCG_instances/R3/BPPC_5_0_10.txt_0.1,feasible,2.582e-06,9.18e-07,852,4294967295
./KPCG_instances/C10/BPPC_5_0_1.txt_0.1,feasible,8.215e-06,5.451e-06,6394,4294967295
./KPCG_instances/C10/BPPC_3_0_1.txt_0.1,feasible,0.000611225,0.000460779,1473,4294967295
./KPCG_instances/C10/BPPC_1_0_10.txt_0.1,feasible,3.132e-05,2.6269e-05,1300,4294967295
./KPCG_instances/C10/BPPC_8_0_1.txt_0.1,feasible,0.000570241,0.000566216,10269,4294967295
./KPCG_instances/C10/BPPC_3_0_10.txt_0.1,feasible,0.000569273,0.000564963,1820,4294967295
./KPCG_instances/C10/BPPC_2_0_10.txt_0.1,feasible,0.000134595,0.000122205,1290,4294967295
./KPCG_instances/C10/BPPC_4_0_1.txt_0.1,feasible,0.00274363,0.00273768,1862,4294967295
./KPCG_instances/C10/BPPC_8_0_10.txt_0.1,feasible,0.000572797,0.000568129,10345,4294967295
./KPCG_instances/C10/BPPC_6_0_1.txt_0.1,feasible,2.9527e-05,2.4923e-05,7117,4294967295
./KPCG_instances/C10/BPPC_7_0_1.txt_0.1,feasible,0.00014696,0.000142591,9999,4294967295
./KPCG_instances/C10/BPPC_7_0_10.txt_0.1,feasible,0.000150079,0.000145637,10329,4294967295
./KPCG_instances/C10/BPPC_2_0_1.txt_0.1,feasible,0.000158491,0.00014104,1595,4294967295
./KPCG_instances/C10/BPPC_4_0_10.txt_0.1,feasible,0.00295484,0.00295016,1897,4294967295
./KPCG_instances/C10/BPPC_6_0_10.txt_0.1,feasible,2.9593e-05,2.0498e-05,7936,4294967295
./KPCG_instances/C10/BPPC_1_0_1.txt_0.1,feasible,2.6623e-05,1.7862e-05,1162,4294967295
./KPCG_instances/C10/BPPC_5_0_10.txt_0.1,feasible,6.614e-06,3.619e-06,6448,4294967295
./KPCG_instances/R10/BPPC_5_0_1.txt_0.1,feasible,7.396e-06,4.568e-06,1212,4294967295
./KPCG_instances/R10/BPPC_3_0_1.txt_0.1,feasible,0.000585408,0.000535313,2584,4294967295
./KPCG_instances/R10/BPPC_1_0_10.txt_0.1,feasible,2.861e-05,2.3165e-05,1625,4294967295
./KPCG_instances/R10/BPPC_8_0_1.txt_0.1,feasible,0.000482078,0.000477869,2766,4294967295
./KPCG_instances/R10/BPPC_3_0_10.txt_0.1,feasible,0.000546032,0.000542651,2606,4294967295
./KPCG_instances/R10/BPPC_2_0_10.txt_0.1,feasible,0.00013715,0.000122546,2134,4294967295
./KPCG_instances/R10/BPPC_4_0_1.txt_0.1,feasible,0.00209225,0.00208393,2962,4294967295
./KPCG_instances/R10/BPPC_8_0_10.txt_0.1,feasible,0.000407323,0.000402366,2719,4294967295
./KPCG_instances/R10/BPPC_6_0_1.txt_0.1,feasible,2.9763e-05,2.7145e-05,1763,4294967295
./KPCG_instances/R10/BPPC_7_0_1.txt_0.1,feasible,0.000150624,0.000146378,2028,4294967295
./KPCG_instances/R10/BPPC_7_0_10.txt_0.1,feasible,0.000149435,0.000146573,2206,4294967295
./KPCG_instances/R10/BPPC_2_0_1.txt_0.1,feasible,0.000166938,0.000149156,2069,4294967295
./KPCG_instances/R10/BPPC_4_0_10.txt_0.1,feasible,0.00206208,0.00205748,3343,4294967295
./KPCG_instances/R10/BPPC_6_0_10.txt_0.1,feasible,3.1736e-05,2.7167e-05,1749,4294967295
./KPCG_instances/R10/BPPC_1_0_1.txt_0.1,feasible,2.9261e-05,2.3397e-05,1559,4294967295
./KPCG_instances/R10/BPPC_5_0_10.txt_0.1,feasible,6.818e-06,2.987e-06,1358,4294967295
./KPCG_instances/R1/BPPC_5_0_1.txt_0.1,feasible,1.434e-06,-1.71e-07,291,4294967295
./KPCG_instances/R1/BPPC_3_0_1.txt_0.1,feasible,4.5866e-05,4.232e-05,577,4294967295
./KPCG_instances/R1/BPPC_1_0_10.txt_0.1,feasible,3.801e-06,1.938e-06,513,4294967295
./KPCG_instances/R1/BPPC_8_0_1.txt_0.1,feasible,2.2189e-05,2.005e-05,299,4294967295
./KPCG_instances/R1/BPPC_3_0_10.txt_0.1,feasible,4.2367e-05,3.9601e-05,554,4294967295
./KPCG_instances/R1/BPPC_2_0_10.txt_0.1,feasible,1.2929e-05,1.0968e-05,555,4294967295
./KPCG_instances/R1/BPPC_4_0_1.txt_0.1,feasible,0.000207906,0.000204256,645,4294967295
./KPCG_instances/R1/BPPC_8_0_10.txt_0.1,feasible,3.0026e-05,1.9825e-05,292,4294967295
./KPCG_instances/R1/BPPC_6_0_1.txt_0.1,feasible,2.014e-06,3.52e-07,292,4294967295
./KPCG_instances/R1/BPPC_7_0_1.txt_0.1,feasible,6.979e-06,5.055e-06,289,4294967295
./KPCG_instances/R1/BPPC_7_0_10.txt_0.1,feasible,7.021e-06,4.443e-06,296,4294967295
./KPCG_instances/R1/BPPC_2_0_1.txt_0.1,feasible,1.2976e-05,1.0239e-05,474,4294967295
./KPCG_instances/R1/BPPC_4_0_10.txt_0.1,feasible,0.000230494,0.000226534,663,4294967295
./KPCG_instances/R1/BPPC_6_0_10.txt_0.1,feasible,2.106e-06,-8.92e-07,296,4294967295
./KPCG_instances/R1/BPPC_1_0_1.txt_0.1,feasible,3.215e-06,-1.51e-07,375,4294967295
./KPCG_instances/R1/BPPC_5_0_10.txt_0.1,feasible,8.81e-07,-6.45e-07,271,4294967295
./sparse_rand/test_1000_1000_r0.01-6.dat,feasible,0.000354768,0.000346563,7404,4294967295
./sparse_rand/test_1000_2000_r0.01-0.dat,feasible,0.000589488,0.000579264,9274,4294967295
./sparse_rand/test_500_2000_r0.01-3.dat,feasible,0.000103289,9.6256e-05,6735,4294967295
./sparse_rand/test_1000_1000_r0.01-0.dat,feasible,0.000346205,0.000336195,6958,4294967295
./sparse_rand/test_1000_2000_r0.01-6.dat,feasible,0.000613363,0.000603596,9514,4294967295
./sparse_rand/test_500_2000_r0.01-6.dat,feasible,0.000119806,0.000112371,6461,4294967295
./sparse_rand/test_500_2000_r0.01-8.dat,feasible,0.000132309,0.000124622,7652,4294967295
./sparse_rand/test_1000_1000_r0.01-1.dat,feasible,0.000432824,0.00042381,6741,4294967295
./sparse_rand/test_1000_2000_r0.01-1.dat,feasible,0.00056947,0.000556724,9088,4294967295
./sparse_rand/test_1000_2000_r0.01-3.dat,feasible,0.000582207,0.000571635,9123,4294967295
./sparse_rand/test_500_1000_r0.01-5.dat,feasible,8.4352e-05,7.7954e-05,5133,4294967295
./sparse_rand/test_1000_2000_r0.01-2.dat,feasible,0.000618871,0.000604334,9069,4294967295
./sparse_rand/test_500_2000_r0.01-5.dat,feasible,0.000104686,-2.2715e-05,6625,4294967295
./sparse_rand/test_500_1000_r0.01-7.dat,feasible,8.3399e-05,7.7019e-05,5284,4294967295
./sparse_rand/test_1000_1000_r0.01-3.dat,feasible,0.000404063,0.000395322,7284,4294967295
./sparse_rand/test_1000_2000_r0.01-8.dat,feasible,0.000534193,0.000524711,9161,4294967295
./sparse_rand/test_500_1000_r0.01-6.dat,feasible,7.7723e-05,7.1462e-05,5065,4294967295
./sparse_rand/test_1000_1000_r0.01-9.dat,feasible,0.000362078,0.000354451,6992,4294967295
./sparse_rand/test_500_2000_r0.01-9.dat,feasible,0.000116504,0.000109068,6940,4294967295
./sparse_rand/test_1000_1000_r0.01-7.dat,feasible,0.000367855,0.000359879,7201,4294967295
./sparse_rand/test_1000_1000_r0.01-2.dat,feasible,0.000375954,0.000367191,6805,4294967295
./sparse_rand/test_500_2000_r0.01-1.dat,feasible,0.000111331,0.000103794,7226,4294967295
./sparse_rand/test_1000_2000_r0.01-4.dat,feasible,0.000540418,0.00053044,8764,4294967295
./sparse_rand/test_1000_1000_r0.01-8.dat,feasible,0.00037735,0.000368482,7172,4294967295
./sparse_rand/test_500_1000_r0.01-3.dat,feasible,7.2365e-05,6.5801e-05,5158,4294967295
./sparse_rand/test_1000_1000_r0.01-5.dat,feasible,0.000362904,0.000352744,6890,4294967295
./sparse_rand/test_500_1000_r0.01-9.dat,feasible,7.917e-05,7.3116e-05,4790,4294967295
./sparse_rand/test_500_2000_r0.01-4.dat,feasible,0.000102101,9.4855e-05,6414,4294967295
./sparse_rand/test_500_2000_r0.01-7.dat,feasible,0.000110813,0.00010215,6473,4294967295
./sparse_rand/test_500_2000_r0.01-2.dat,feasible,0.000113475,0.000105592,7278,4294967295
./sparse_rand/test_1000_2000_r0.01-7.dat,feasible,0.000551497,0.000541502,9120,4294967295
./sparse_rand/test_500_1000_r0.01-0.dat,feasible,7.2539e-05,6.6782e-05,4841,4294967295
./sparse_rand/test_1000_2000_r0.01-5.dat,feasible,0.000546704,0.000535001,8917,4294967295
./sparse_rand/test_500_2000_r0.01-0.dat,feasible,0.000117577,0.000110226,6591,4294967295
./sparse_rand/test_500_1000_r0.01-2.dat,feasible,7.9972e-05,7.3883e-05,4721,4294967295
./sparse_rand/test_500_1000_r0.01-8.dat,feasible,8.2591e-05,7.6207e-05,5088,4294967295
./sparse_rand/test_1000_2000_r0.01-9.dat,feasible,0.000585898,0.00057279,8883,4294967295
./sparse_rand/test_500_1000_r0.01-1.dat,feasible,6.7696e-05,6.1461e-05,4800,4294967295
./sparse_rand/test_1000_1000_r0.01-4.dat,feasible,0.000349738,0.000341239,7095,4294967295
./sparse_rand/test_500_1000_r0.01-4.dat,feasible,7.0463e-05,6.3825e-05,4821,4294967295
./sparse_corr/test_1000_1000_r0.01-6.dat,feasible,0.000472303,0.000463332,2124,4294967295
./sparse_corr/test_1000_2000_r0.01-0.dat,feasible,0.000596028,0.000586052,3461,4294967295
./sparse_corr/test_500_2000_r0.01-3.dat,feasible,0.000137519,0.000128936,3116,4294967295
./sparse_corr/test_1000_1000_r0.01-0.dat,feasible,0.000440523,0.000432118,2099,4294967295
./sparse_corr/test_1000_2000_r0.01-6.dat,feasible,0.000599053,0.000588965,3474,4294967295
./sparse_corr/test_500_2000_r0.01-6.dat,feasible,0.000134161,0.000125536,3131,4294967295
./sparse_corr/test_500_2000_r0.01-8.dat,feasible,0.000131276,0.000123038,3098,4294967295
./sparse_corr/test_1000_1000_r0.01-1.dat,feasible,0.000423605,0.000414797,2076,4294967295
./sparse_corr/test_1000_2000_r0.01-1.dat,feasible,0.000661674,0.000651129,3484,4294967295
./sparse_corr/test_1000_2000_r0.01-3.dat,feasible,0.000663824,0.000653606,3495,4294967295
./sparse_corr/test_500_1000_r0.01-5.dat,feasible,9.1891e-05,8.488e-05,1840,4294967295
./sparse_corr/test_1000_2000_r0.01-2.dat,feasible,0.000611905,0.000601931,3440,4294967295
./sparse_corr/test_500_2000_r0.01-5.dat,feasible,0.000148463,0.000140023,3125,4294967295
./sparse_corr/test_500_1000_r0.01-7.dat,feasible,8.6173e-05,7.982e-05,1792,4294967295
./sparse_corr/test_1000_1000_r0.01-3.dat,feasible,0.000464196,0.00045493,2126,4294967295
./sparse_corr/test_1000_2000_r0.01-8.dat,feasible,0.000696424,0.000686326,3470,4294967295
./sparse_corr/test_500_1000_r0.01-6.dat,feasible,9.7308e-05,9.0205e-05,1880,4294967295
./sparse_corr/test_1000_1000_r0.01-9.dat,feasible,0.000432949,0.000424214,2075,4294967295
./sparse_corr/test_500_2000_r0.01-9.dat,feasible,0.000124835,0.000117696,3100,4294967295
./sparse_corr/test_1000_1000_r0.01-7.dat,feasible,0.000435698,0.00042723,2067,4294967295
./sparse_corr/test_1000_1000_r0.01-2.dat,feasible,0.000392022,0.000383785,2091,4294967295
./sparse_corr/test_500_2000_r0.01-1.dat,feasible,0.000121246,0.000113794,3117,4294967295
./sparse_corr/test_1000_2000_r0.01-4.dat,feasible,0.000653393,0.000642667,3508,4294967295
./sparse_corr/test_1000_1000_r0.01-8.dat,feasible,0.000467782,0.000457696,2167,4294967295
./sparse_corr/test_500_1000_r0.01-3.dat,feasible,8.2759e-05,7.6361e-05,1804,4294967295
./sparse_corr/test_1000_1000_r0.01-5.dat,feasible,0.000484641,0.000475464,2200,4294967295
./sparse_corr/test_500_1000_r0.01-9.dat,feasible,9.2535e-05,8.6115e-05,1815,4294967295
./sparse_corr/test_500_2000_r0.01-4.dat,feasible,0.000121434,0.000114977,3072,4294967295
./sparse_corr/test_500_2000_r0.01-7.dat,feasible,0.000136434,0.000128013,3181,4294967295
./sparse_corr/test_500_2000_r0.01-2.dat,feasible,0.000148519,0.00013985,3152,4294967295
./sparse_corr/test_1000_2000_r0.01-7.dat,feasible,0.000679492,0.000668997,3450,4294967295
./sparse_corr/test_500_1000_r0.01-0.dat,feasible,8.3434e-05,7.7025e-05,1808,4294967295
./sparse_corr/test_1000_2000_r0.01-5.dat,feasible,0.000680875,0.00066961,3530,4294967295
./sparse_corr/test_500_2000_r0.01-0.dat,feasible,0.000136467,0.000128548,3056,4294967295
./sparse_corr/test_500_1000_r0.01-2.dat,feasible,9.5e-05,8.76e-05,1887,4294967295
./sparse_corr/test_500_1000_r0.01-8.dat,feasible,9.1589e-05,8.423e-05,1856,4294967295
./sparse_corr/test_1000_2000_r0.01-9.dat,feasible,0.000698282,0.000687767,3507,4294967295
./sparse_corr/test_500_1000_r0.01-1.dat,feasible,8.1593e-05,7.48e-05,1767,4294967295
./sparse_corr/test_1000_1000_r0.01-4.dat,feasible,0.000435814,0.00042682,2128,4294967295
./sparse_corr/test_500_1000_r0.01-4.dat,feasible,8.1262e-05,7.5007e-05,1754,4294967295
